y,x1,x2,x3,x4,x5
2.82993111981504,0.914806043496355,0.914204660498519,0.848293222486973,0.910026893474652,0.989965585293248
2.06663776200459,0.286139534786344,0.285152262001423,0.819845087593421,0.810719451584444,0.699903217609972
1.97422925332257,0.830447626067326,0.831279551081944,0.539360294118524,0.579356231600057,0.889076955616474
2.38883976794815,0.134666597237811,0.133484436232564,0.719897602917627,0.79997039937011,0.84287826763466
1.6922605409288,0.705064784036949,0.702956349460706,0.811879681190476,0.94284607344443,0.363706227391958
0.487652852809688,0.45774177624844,0.45797153888614,0.421473897062242,0.232352449175334,0.275092508876696
0.801253790668238,0.719112251652405,0.720623962443959,0.564910550834611,0.599401284301506,0.124794522533193
2.53336252515761,0.940014522755519,0.940312898845029,0.835109572159126,0.887536639724563,0.80092122242786
0.21384261866187,0.978226428385824,0.979332807925476,0.11107839923352,0.0755358694434955,0.198242865735665
2.32869962894696,0.474997081561014,0.4759987756899,0.798480970319361,0.849201781322537,0.787734308745712
1.86097691420182,0.904031387297437,0.903532606272755,0.867568752495572,1.07425050432499,0.38267757743597
0.666450467313996,0.138710167724639,0.141332924577128,0.0394232471007854,0.116409881409323,0.52637768140994
0.66708848274168,0.946668232558295,0.946577389364076,0.309596095466986,0.436758186339763,0.131727600237355
0.918840397711199,0.0824375580996275,0.0834163237788384,0.12945368536748,0.16280570995251,0.80771841853857
0.930739313815728,0.390203467104584,0.390825276063798,0.464965628925711,0.658057056138503,0.293098509078845
2.3851660828445,0.446969628101215,0.444614403555373,0.987516199238598,0.993960643277919,0.735261054011062
0.920276373712965,0.737595617771149,0.737084137576362,0.979390146676451,0.745387700415978,0.0774645886849612
0.59610079554249,0.811055141268298,0.810481539068542,0.170472213765606,0.135295623662382,0.283864254597574
-0.192195801659072,0.685169729404151,0.686512280333679,0.142832363955677,-0.140061741914968,0.22193919820711
0.439919979616186,0.00394833879545331,0.00424380030701272,0.360580841545016,0.397368111903468,0.0470549333840609
0.75796808155884,0.207658972823992,0.207760571223455,0.635548865888268,0.707315978892854,0.0982995911035687
-0.0173530466290718,0.611778643447906,0.611640327073344,0.0858962275087833,-0.08264288810495,0.120736401993781
2.90312857917643,0.379559240536764,0.378309928283612,0.94491318706423,0.949086118687438,0.925330710830167
0.133524264305041,0.435771584976465,0.43611922022068,0.346713771810755,0.283419388775724,0.00962951756082475
1.14157105200076,0.0374310328625143,0.0351532192033427,0.369346223305911,0.372356147949097,0.483336200471968
2.06672124002693,0.431751248892397,0.431691707548845,0.727405825397,0.609815896823733,0.912092638667673
2.60601466232601,0.887754905503243,0.887334543982903,0.588715200079605,0.800746572529683,0.974126069340855
0.916246880229782,0.639978769468144,0.640967360484472,0.842897166963667,0.710456598627549,0.162080803653225
1.58923398149902,0.970966610359028,0.969896996567919,0.999379032291472,1.02688119161809,0.311735069612041
0.0944134804754579,0.618838207330555,0.61622456386354,0.0114382493775338,-0.0994480689490865,0.439856395823881
0.869130266687587,0.346748248208314,0.346793353281868,0.205623826477677,0.028893948511232,0.690598870394751
0.356032600636118,0.39848541142419,0.398376922265292,0.113804851192981,0.0249456238081161,0.199085218133405
1.81696400489007,0.784692775690928,0.784301551380857,0.688085663598031,0.566180524936433,0.799646813888103
1.77847459070887,0.748795386170968,0.747842681715817,0.823169879149646,0.774088583995981,0.65934901102446
1.08930219770143,0.67727683018893,0.677784244301034,0.644396402174607,0.882902398021237,0.140124457422644
1.45746236756815,0.171264330390841,0.171283146489847,0.527902280911803,0.527463468214725,0.668272027047351
0.202250892049286,0.261087963823229,0.259669053449644,0.0286509681027383,0.161820003648866,0.152334134792909
1.19134195408986,0.514412934659049,0.515011106590401,0.287170039257035,0.3692509061697,0.577878788812086
0.734429394673246,0.67560727451928,0.676393654141023,0.0355835284572095,0.104151431509732,0.613630244974047
1.28790934466035,0.982817197917029,0.982682564871127,0.897867953637615,0.949456048425219,0.150724645936862
0.746287345617233,0.566488424083218,0.567897564491453,0.0514440888073295,-0.0198895021160846,0.571474427822977
1.3907264407257,0.849689718568698,0.8500845572675,0.363946522818878,0.329642108309819,0.603579482063651
2.35832162145123,0.18947393540293,0.190693810531002,0.695480783004314,0.742378736262206,0.841356826946139
1.50252729068425,0.271286614704877,0.271241537492004,0.892309131333605,0.644725879730236,0.527638485189527
0.612441910518868,0.693204820388928,0.693129136602236,0.391966396942735,0.349915605153397,0.298526278464124
1.01651370318835,0.140479094116017,0.139402091459963,0.0414015711285174,0.0884034388408706,0.697396067669615
2.33379016896885,0.479398564202711,0.481694568243482,0.949205233482644,1.06056623277566,0.573085235664621
0.931312945172405,0.197410342283547,0.197084464168097,0.240331345004961,0.297016387937123,0.492861256469041
1.13881930841379,0.00788473873399198,0.00764782980081812,0.913432184141129,0.937416444664045,0.0936699346639216
1.04143167897188,0.375489964615554,0.376413457733444,0.0455815261229873,0.0489950605052956,0.958697933703661
0.411297305063969,0.514407708309591,0.513418516502889,0.136427131248638,0.0556180093186194,0.199178226990625
0.896072303691893,0.00157055421732366,0.00184620049561037,0.100354233058169,0.323117465380961,0.532846685266122
0.521287860956302,0.581604002509266,0.580840341415705,0.409654614981264,0.330402202109918,0.135271079838276
1.65216194637181,0.157905208179727,0.156553096195527,0.96994784520939,1.13967589844458,0.240706206997857
0.712663448138883,0.359028305858374,0.359683330268602,0.363984651165083,0.457877131894131,0.184036136837676
2.13821642154874,0.645631878403947,0.647241525164302,0.724901413545013,0.928430909373817,0.660556744551286
1.03163970286942,0.775823362637311,0.775034855671433,0.702681547496468,0.775844186149298,0.103639307199046
0.110575980425381,0.563646841561422,0.562762965448896,0.0248146001249552,-0.0171701339345823,0.280249008676037
0.49350554925842,0.0899805163498968,0.089522375368449,0.53349150903523,0.397423861588598,0.225459585897625
2.30234270726555,0.0856120649259538,0.086277711941532,0.696309166029096,0.800080597067553,0.748273231554776
0.150002798495022,0.305218369467184,0.305930597679603,0.0452575027011335,0.0498792854295072,0.0284959552809596
2.34022641325925,0.667426514672115,0.667869468899615,0.916571428999305,0.910794093471629,0.745386404218152
0.443935509504425,0.000238896580412984,0.000998483892472163,0.0328442209865898,0.0405181280565599,0.621050931280479
0.918422001027995,0.933034127345309,0.932861417367425,0.526141775771976,0.483800429559077,0.342672306811437
0.775810148468668,0.925644748611376,0.926326798510761,0.266121883643791,0.343790984348143,0.234595085959882
0.69751288691988,0.333071983419359,0.332110360845427,0.532495256047696,0.538325386674459,0.208343708422035
0.338770209085572,0.515063329832628,0.513685679687896,0.0868702365551144,0.111410072281059,0.224782983539626
2.20316705470697,0.743974646320567,0.746672232957205,0.915601429762319,0.93883390160003,0.654955520993099
1.30636741143311,0.619159240042791,0.617459524987228,0.56400826247409,0.582885852446636,0.496699211420491
1.45231658946632,0.217157698236406,0.219092012572557,0.672725694254041,0.729939325966484,0.432779183844104
0.708299398669159,0.388945028651506,0.388759682320421,0.0728554199449718,0.0933453803443751,0.624209678266197
1.15391939275377,0.962608013767749,0.964392970009764,0.641540745971724,0.584653614935947,0.298072398407385
2.35463928620922,0.73985527921468,0.74004490703451,0.809969487134367,0.829241262694256,0.73203652119264
1.7825706664363,0.73324590572156,0.732676818209374,0.391752972034737,0.453887694195835,0.843804668169469
1.94266519971539,0.535761289997026,0.537213182941598,0.773422806058079,0.762701244894825,0.666814513271675
1.68005128736543,0.00227296608500183,0.00414195953756715,0.873395125148818,0.86098753319301,0.504701350582764
1.78137973893988,0.608937452547252,0.607952897653515,0.618313116487116,0.571810931801653,0.711684445617721
1.94187960437087,0.836801559431478,0.837520316195383,0.35773418401368,0.415074960262373,0.975643595447764
1.17387950165835,0.535789993824437,0.536316691656325,0.0635679916013032,0.0501184898350908,0.951732153305784
1.19516820781853,0.00138084357604384,0.00181909462335081,0.818777891574428,0.717777622845934,0.145704748807475
0.823745494814147,0.612133090151474,0.610728670207645,0.057107036234811,0.0263852803209127,0.934264272684231
1.94838349752722,0.828942130552605,0.829662879709814,0.907620617654175,0.920937116917812,0.479792278725654
1.52272961052537,0.356721999356523,0.3568080348598,0.721638613613322,0.816171250581363,0.369111053878441
1.69748972468464,0.410635125823319,0.410503508781911,0.9027069946751,1.05527566766,0.325407310621813
1.10173351084369,0.573475898941979,0.571799846963039,0.535714265191928,0.510969208372513,0.474094666307792
1.62282757761483,0.589678303571418,0.58910880558065,0.348539335653186,0.312878965542755,0.931007524253801
1.90030712688627,0.719657292356715,0.719849497507611,0.833293377654627,0.854090218411622,0.532311444170773
2.69011114200239,0.394973045215011,0.394486722294258,0.79032899113372,0.911254325878265,0.916520749917254
1.20297313306795,0.919203929137439,0.919285213150432,0.531409060349688,0.543064949057109,0.326999091776088
0.163760411816557,0.233523525530472,0.233386023559434,0.0583589465823025,0.137020557531547,0.00532761216163635
1.24647718087057,0.724497599992901,0.72492519310214,0.458110426319763,0.532094495290852,0.482526380335912
0.609113909185554,0.903634525137022,0.903391460688483,0.0223310403525829,0.131000243497417,0.37716596503742
0.801467628295254,0.603474084753543,0.603155731925689,0.739889111602679,0.544608381633193,0.137627548305318
0.575213043800161,0.850482750684023,0.851303816067189,0.470753220142797,0.508451330330403,0.0411293699871749
1.65037813095769,0.579820899059996,0.582156378146578,0.596172563033178,0.460493458964852,0.713360870489851
0.958592913713922,0.821403923910111,0.8204206163525,0.283993592485786,0.261132765318221,0.708819617750123
0.599823664701469,0.623613457195461,0.625251122525407,0.530223880894482,0.506121946087748,0.134805150795728
1.30293625178968,0.148446606704965,0.14967325487963,0.250978069379926,0.248881012186877,0.926155365770683
1.13258691895291,0.464069551322609,0.463391320258871,0.437488270923495,0.377953789362143,0.604444469558075
1.05580064122462,0.293623841367662,0.292805941002859,0.413091425551102,0.351344149926669,0.601635670987889
2.21725690912823,0.719378591282293,0.719458512368842,0.852052260190249,0.806642193666697,0.819128106813878
1.86239568666843,0.778809498529881,0.778638000573135,0.969763528788462,0.946409245029579,0.437672717031091
0.770127207078255,0.394441001815721,0.394022394722889,0.804646692238748,0.706809544348953,0.13772464194335
1.08500753083759,0.135713797062635,0.135434472854777,0.832221796736121,0.715283043506347,0.19565317989327
1.53158031265196,0.550494084367529,0.552042115480884,0.433566746301949,0.2008568807448,0.988214236684144
1.77000434659858,0.19699448812753,0.197052599357644,0.448023750912398,0.541940277355244,0.813932578312233
0.406401135020088,0.535236610565335,0.534396831649807,0.0411673602648079,0.0710835758220747,0.269485910190269
0.531979354390718,0.179555739276111,0.180126862724767,0.243364050751552,0.0443713814021135,0.477492125006393
0.152802529055272,0.451886494411156,0.451952542193719,0.103169655892998,-0.017243824147694,0.199085897533223
1.5223606527847,0.317053351784125,0.320638011277055,0.363130947807804,0.402965521607959,0.746123761404306
1.57474806844265,0.116174670401961,0.114242774848309,0.657742032548413,0.662217691150775,0.561074872734025
0.319578203651216,0.729730096645653,0.731213811849926,0.0721925953403115,0.147444879139419,0.197264639195055
0.60043857656566,0.41187207121402,0.409773554813856,0.687141191447154,0.644572753992914,0.0576949927490205
2.03648878771424,0.480310129001737,0.480644196937624,0.86721755284816,0.912252480776369,0.622051814803854
-0.169870250099992,0.136490360135213,0.135558588331923,0.0130381132476032,-0.183359697862798,0.00589628517627716
0.556634526598013,0.824679406359792,0.824557166141495,0.42325607012026,0.497917356990403,0.0825298975687474
1.27164944031991,0.592304242542014,0.593642770965475,0.973258450627327,1.07839082533752,0.190006461227313
1.8844756510062,0.794396977638826,0.793048646448781,0.499068087665364,0.551485196171737,0.830257819499821
1.68405439306232,0.769032425712794,0.770447261437304,0.994652604451403,0.883094176478952,0.397548571927473
0.605318926687658,0.918056417256594,0.918970466202108,0.494881821796298,0.490105199630982,0.09383629495278
0.705621607560815,0.862629777053371,0.861393089134878,0.123035601340234,-0.0686672928677082,0.889846845064312
1.21820712441322,0.316975237801671,0.315474477446996,0.560385761549696,0.503212737765728,0.529108534101397
1.23153340977717,0.742266451939941,0.742552751585343,0.725250527728349,0.759768423369309,0.284954386064783
2.55712339543628,0.747361116809771,0.748547324903616,0.786027395166457,1.00242250561047,0.778178108856082
0.70915400600419,0.917904034024104,0.917866484652262,0.449781885603443,0.483446519823884,0.144925018772483
0.728336830431017,0.793191209202632,0.793611580796606,0.469079919159412,0.42729352080583,0.227076882263646
1.63321531017417,0.133329618256539,0.134618864738882,0.401860023848712,0.494229125919341,0.602303331252188
1.50503644707204,0.194676143815741,0.195502237469826,0.563688409747556,0.588563224537949,0.645475828321651
1.35982641612448,0.784109382657334,0.784433299722425,0.690996676450595,0.625274872955625,0.432649662252516
1.16262011178424,0.129089283524081,0.130291903106874,0.0948641062714159,0.163932393038098,0.945567960385233
2.36851635785366,0.0722531112842262,0.0733553170349583,0.937903824262321,0.967090292261916,0.627494607819244
1.04553451701263,0.0531294834800065,0.0530679685400273,0.671019063796848,0.863326480543186,0.0830180277116597
0.781635285830451,0.531874436419457,0.532239026333453,0.0149940915871412,0.245607066437016,0.444935545325279
2.62685060646921,0.74318771972321,0.744659086735682,0.847790857544169,0.887933598395145,0.995372242061421
1.13273932279281,0.731315477285534,0.73033822962419,0.446819441858679,0.323580624533187,0.499348921235651
1.30633366326948,0.517111055552959,0.517025199892368,0.432214202126488,0.388760906224276,0.72443926660344
0.789736318027404,0.442796268267557,0.444088744427024,0.182369325077161,0.358183452083688,0.315457477234304
1.18075037284915,0.157880100421608,0.157964568177175,0.838338759960607,0.755324617902881,0.296285540563986
2.05667558946506,0.442324638832361,0.443291684828841,0.917372975032777,0.968815750645001,0.679472859716043
1.74757943391465,0.967733667232096,0.969672780226313,0.798301063245162,0.877014170907938,0.456040302291513
1.24070102376776,0.252458439441398,0.252104845914565,0.254459497053176,0.31045117770934,0.72589020524174
2.22459148173987,0.542015940882266,0.541028808448958,0.941099374787882,0.895260113147388,0.661238310392946
1.49530373920822,0.649875837611035,0.649054129464974,0.980761029291898,0.912712397120496,0.355062269838527
0.384925862550729,0.336419132305309,0.336908663227824,0.0522972738835961,-0.166946458913553,0.457890100311488
1.11527306490867,0.451310850214213,0.451969105112788,0.806177586782724,0.764631418493536,0.195843349676579
1.58739731485202,0.574637334328145,0.575000797589368,0.304464521585032,0.370990437940924,0.870197948301211
0.736648927101116,0.547426078235731,0.545928148246225,0.0275957863777876,0.0164507570894217,0.820240393979475
0.417455461527168,0.489990570582449,0.488952753965113,0.031033702660352,0.192619928038329,0.234416361432523
1.57934310364857,0.171632113168016,0.172278092039278,0.652291831560433,0.666242890893772,0.574020444182679
1.98790433924917,0.543030994012952,0.543803839413011,0.596841104794294,0.608799474536863,0.753889027517289
0.499405424210078,0.961467695888132,0.961783710046252,0.312611038098112,0.410597613631979,0.102879016892985
2.27438458489269,0.313683822052553,0.312645709227755,0.986910100327805,1.02484853512102,0.673675709869713
1.00888251591006,0.820514548104256,0.819759410814168,0.828926939051598,0.740905677108896,0.113186893984675
1.9183042294406,0.307054400444031,0.306562896134338,0.607717930106446,0.567072632901791,0.852039719931781
0.494783617101057,0.185453581158072,0.18560080690318,0.138112635817379,0.0604001198485118,0.39895151834935
1.42027032932722,0.24567414727062,0.244753478503514,0.577087742974982,0.560389486964786,0.48549236333929
0.770684349066525,0.159022381762043,0.158901981712481,0.0281962060835212,-0.0236197079913959,0.83856099867262
2.03970397428911,0.0175483247730881,0.0153758848643733,0.756766913458705,0.832326999963651,0.66352159017697
1.15990755594254,0.996552679222077,0.995678371245923,0.829948304919526,0.818652218901791,0.233087536180392
1.76527992788901,0.804393312660977,0.804019733312075,0.523712248774245,0.476249710003122,0.953754566609859
1.70599826048401,0.086580601753667,0.0854784040415706,0.63793759024702,0.567725397211027,0.700975871877745
1.29598400046168,0.869933269685134,0.870648929545798,0.487905605696142,0.459968502112346,0.585008417256177
2.39483720824184,0.554585863370448,0.555493503676133,0.581838598009199,0.738259572931455,0.952883459394798
1.23943334576383,0.421378421830013,0.421053616696228,0.1003700227011,0.109479383657957,0.911848609568551
0.866507862258719,0.0676368190906942,0.0661552331584124,0.84161396860145,0.795395170498996,0.0779745862819254
0.64551282664645,0.56143795652315,0.562032127662014,0.402493874775246,0.357449999592455,0.0675545760896057
1.37134266440041,0.211391938850284,0.210562021313651,0.951457850402221,0.964593151305082,0.167285892181098
1.56342268783706,0.54962041345425,0.549769520269214,0.265468981815502,0.400032621704742,0.911997902439907
1.1977780838616,0.159469854552299,0.159175170144642,0.6536610936746,0.751355322051402,0.298507910454646
0.566688034118965,0.499272880377248,0.499665164084327,0.186151454690844,0.208126572790945,0.400801609968767
1.77256829282489,0.940564878052101,0.939718572147216,0.75470757484436,0.720140326335238,0.612819163594395
1.36509162267725,0.334231326589361,0.33338756665843,0.735920368460938,0.836510872881469,0.246404582401738
0.917892801196956,0.188434329582378,0.18747244113809,0.751785748638213,0.891517328604941,0.0230281073600054
0.88200932093616,0.269716178299859,0.269727227953216,0.332614484475926,0.486150592551249,0.284214177168906
0.998920188844417,0.530744078103453,0.531959027068875,0.0575486242305487,0.126001448985786,0.812892683548853
1.86024472732334,0.021450228523463,0.0205613500077247,0.674415447516367,0.623880190881191,0.718918385216966
0.679204151796923,0.7987603074871,0.798978408748547,0.0415701731108129,0.029146863898034,0.529576743720099
0.773222184665878,0.53979828581214,0.538709769964859,0.299604506930336,0.0908677922462121,0.671622128691524
1.27534892609071,0.571233897469938,0.572325028368046,0.393431080505252,0.535470786774562,0.424525320297107
1.41428178223063,0.714853693498299,0.716474503628889,0.67921779374592,0.633282604045706,0.442788380896673
2.5644708358473,0.123300578678027,0.122613590232443,0.717546308180317,0.850712919135236,0.933068161131814
1.09936686562797,0.945739162620157,0.946849854835392,0.228172058938071,0.275405709360173,0.628983476897702
1.42236200523211,0.135230499086902,0.134399527277769,0.571113962912932,0.4109448065105,0.684094261145219
2.65166852469619,0.869257820537314,0.869334226393512,0.879450148902834,0.800305416344803,0.944819680182263
0.735759091350306,0.205049612093717,0.205985436539916,0.594678026856855,0.644879081620886,0.0337891399394721
1.59842204468928,0.92504589096643,0.924544224263565,0.918145145755261,0.989864672807355,0.325875232229009
0.393606019899048,0.136295825242996,0.13586517407386,0.253988407552242,0.214573972907825,0.21334158629179
1.41370525205972,0.785349442157894,0.784216103105222,0.714111546752974,0.752112029293771,0.394593054894358
0.824800528408179,0.453303414164111,0.451066242604341,0.218470488442108,0.156227693184956,0.785902559524402
0.546673918858706,0.135742419399321,0.136257058971764,0.443365653511137,0.494504374111876,0.0219268156215549
1.67722838919507,0.885221036849544,0.884879129734381,0.696212681941688,0.586075376278494,0.648202572017908
0.703782065944611,0.319274115143344,0.318157737234686,0.180539174471051,-0.0899597377673837,0.593201405368745
1.89108885650484,0.403782814741135,0.403294335121972,0.731745176482946,0.873538958119698,0.59286339301616
1.04322231274773,0.479077307041735,0.479884639335142,0.326562982518226,0.261032032706625,0.722735852235928
1.55628388830101,0.367901820223779,0.367640811482108,0.352424591314048,0.477652896056265,0.752235888503492
0.802664622432755,0.465690567623824,0.466178627541651,0.788993183290586,0.642964440073253,0.0789852535817772
1.25828464355314,0.0498921528924257,0.0512449367133952,0.364537069341168,0.331463581661834,0.729152365820482
0.896644981528276,0.982659413712099,0.982710800823306,0.260619594482705,0.159669668060481,0.712299736449495
0.703734057870464,0.328274069586769,0.327435974141533,0.0269197763409466,-0.0265578882761596,0.675056025385857
2.38417413468169,0.170996390515938,0.16991177550663,0.656292696250603,0.705798523739197,0.976478723343462
0.21144478266249,0.339485083706677,0.338274086151277,0.0545180994085968,-0.04614316502745,0.274747267598286
1.45035737587161,0.0296633755788207,0.0302611685765997,0.527284864569083,0.548001584730067,0.574128219392151
0.324796898485657,0.867228663060814,0.868652558849898,0.0877724748570472,0.229512592890962,0.0327419599052519
0.861047346901772,0.731707599712536,0.731264301086977,0.270287529099733,0.344996468755258,0.443762442329899
0.0153052113250702,0.315260796807706,0.314220463342032,0.00127252819947898,-0.150670779035374,0.31398377334699
0.91570742618081,0.332445990527049,0.333216142139061,0.797080357326195,0.613259153886581,0.182243898743764
1.9077062863656,0.757055602502078,0.75515074775064,0.599130479153246,0.512025264200537,0.986884094541892
0.626114176575154,0.6029684972018,0.602844742024655,0.35921368887648,0.358127057574827,0.189692932646722
0.995378645966954,0.0325174834579229,0.0316737051131941,0.365930070867762,0.352624906061885,0.460953433299437
2.64304238405179,0.444569527870044,0.444116541876429,0.987030275398865,0.998544147916288,0.845980454934761
1.43353755578657,0.060385589953512,0.0596832700222308,0.483260703505948,0.350126988104748,0.856104152742773
0.846600969286486,0.327506022062153,0.326831641676668,0.0787014842499048,0.316147311423074,0.451587253715843
0.577440850504466,0.878429047297686,0.876126024107201,0.134455056628212,-0.115128585102955,0.73248516372405
2.4857663185397,0.930604886263609,0.930455553358826,0.894335597753525,1.11470321315971,0.675966499838978
2.11652637058104,0.392178456997499,0.393127146587469,0.713546583196148,0.770686275903065,0.749547549989075
2.01801333552436,0.30696562025696,0.307230910227282,0.477299958700314,0.472471039104213,0.980353942140937
1.10310380828261,0.107811254449189,0.106759250620048,0.0667785855475813,0.292025449725306,0.565966537920758
2.7139296955957,0.979334303410724,0.979836645646942,0.719879046315327,0.940677268533733,0.916000554570928
1.55973590961618,0.496903428109363,0.498003273132485,0.271929026814178,0.348613528278775,0.971621370408684
1.25412162863794,0.211773658171296,0.212584911671986,0.385049626929685,0.400214156183821,0.600143445888534
0.175727633613544,0.296846406767145,0.297285576668848,0.0985803145449609,0.00284047822022844,0.0722795305773616
0.95446488237042,0.430333221331239,0.431037308644422,0.274525795830414,0.302122224683005,0.74205166939646
1.90440208745404,0.393776922253892,0.39310920172856,0.444617775036022,0.573895760629538,0.804316713940352
1.19777328711995,0.141908895457163,0.141203181115106,0.895606278441846,0.938007349099924,0.158836833899841
2.60786438090814,0.279806696344167,0.278885977764253,0.921282575698569,0.974059101075628,0.81787041714415
2.21167825043283,0.358400145079941,0.357458376125829,0.766721521969885,0.668035216496939,0.962219470646232
2.1616211025947,0.842007180908695,0.843221379927334,0.83822969859466,0.762670252369799,0.765419195406139
2.03039843327822,0.722409214358777,0.722427780791777,0.940749690169469,0.824650694325464,0.635772954672575
1.76583887289636,0.750735989306122,0.75149382100558,0.422785450238735,0.378505297876777,0.953421196900308
1.31220870236187,0.92398845218122,0.923608389481224,0.604735889006406,0.638230667410364,0.387018852867186
0.799820026049512,0.160429914947599,0.161463438256624,0.859198710415512,0.761645026119463,0.0271411687135696
0.841270444100588,0.675319577334449,0.676260858577361,0.583438502857462,0.449359850210909,0.211667409399524
0.47276135482408,0.316950157284737,0.316758349422789,0.244547563837841,0.103151268785916,0.294164364458993
1.04050588027453,0.292219521244988,0.291658824903728,0.514943168731406,0.507934557336495,0.420889667468146
1.28889240488073,0.0909183076582849,0.0913488422587241,0.267851514276117,0.147136943928374,0.950213899137452
1.63366043914608,0.798596638021991,0.798452031401634,0.68774091033265,0.79178503214551,0.505570412613452
0.745307880408454,0.359785249689594,0.360724275401738,0.557725543389097,0.551105042170509,0.189557251986116
1.11275517780669,0.0404875767417252,0.0399420799922019,0.430976605508477,0.428990827654795,0.571519382297993
2.12969168562085,0.0410863398574293,0.0412251902206449,0.860915044089779,0.922470666427593,0.673393498873338
0.706865586237162,0.954434238374233,0.955881100687586,0.111669099424034,0.153707396415994,0.386626196326688
1.5711010643816,0.373341244878247,0.373008616792097,0.316305042477325,0.283509554734606,0.966707693645731
1.36820675869103,0.806419667555019,0.805620511282756,0.740989301819354,0.627543671609334,0.512057083891705
0.34254196336378,0.440076212864369,0.43902541665985,0.179713881341741,0.00863530101052024,0.607063695555553
0.610776364476016,0.164627394406125,0.165483066806615,0.288582890527323,0.496129569700656,0.156521162251011
2.38010069192692,0.73989077587612,0.741692538147747,0.724054108606651,0.703578058305378,0.966197269037366
1.75920209188446,0.951514942804351,0.953514051658824,0.417628007940948,0.549332771043528,0.788630624534562
1.63429229476287,0.497464487561956,0.497603766049548,0.596525705652311,0.415560685311273,0.929867836181074
1.71864128521494,0.652510120533407,0.652938975917883,0.824721834855154,0.839498916566819,0.458669424289838
0.188740039483473,0.279573498759419,0.281304288899009,0.0920544220134616,0.103649575210973,0.0611334117129445
0.559043237000107,0.615871025947854,0.616997891263043,0.276655831374228,0.131517136890831,0.264562265248969
0.540256932878304,0.925140294479206,0.924252210090772,0.0571345924399793,0.155508994461978,0.200633340748027
0.779475468946888,0.28791968501173,0.288039578578346,0.147885439218953,-0.0520038264658498,0.896244295174256
0.231022829625436,0.0907359647098929,0.0912083996546963,0.317381483502686,0.332453733198468,0.0620381885673851
0.538152600452155,0.758270112564787,0.75778479618584,0.282626342726871,0.345545410010511,0.310617058770731
0.783756262063698,0.104412929620594,0.103951396034409,0.424742112634704,0.260977558418713,0.430710644926876
0.744302448788088,0.710277852602303,0.710046094265024,0.487544646952301,0.42169707555057,0.331650567008182
0.363663693474097,0.966477383626625,0.967537737399063,0.241415621479973,0.166384794888845,0.238232882460579
0.694111915443841,0.201491226209328,0.201016440504826,0.360150333493948,0.245637143941489,0.373141391901299
0.799555579823667,0.108488654484972,0.108313144204015,0.0691547119058669,0.171916039598017,0.490697236265987
1.10419564566409,0.581197756575421,0.581994559141667,0.190062934532762,0.272289379068944,0.670575389638543
2.1976980504512,0.470092375297099,0.470141426869936,0.871892383787781,0.765247584422828,0.82454845472239
1.11652844741623,0.365014120005071,0.365776732939906,0.112584582064301,0.222015255315788,0.77227236633189
1.74789653664441,0.818569612922147,0.820373997402948,0.270247901091352,0.341252976434708,0.917786576785147
1.43729024686119,0.96368952607736,0.964535054458573,0.582534253131598,0.72374091069374,0.420589276356623
1.7234524953696,0.0860834058839828,0.0861061834901263,0.471905849641189,0.547444306623145,0.797699314542115
1.15701379358411,0.86121069570072,0.860599295712273,0.305780002148822,0.196369915129076,0.928995416499674
1.20470007512218,0.524790602037683,0.524530075265208,0.890702586155385,0.93372058857,0.113313327543437
0.59336696116892,0.656810875283554,0.658616545598197,0.21158449887298,0.307639470031306,0.190391227835789
1.19514050106768,0.965255592484027,0.96476001396209,0.385549698024988,0.327397838547231,0.632257328135893
1.45283542733827,0.551250527845696,0.549892805778641,0.566383475670591,0.53536040671621,0.670329818734899
1.58632122159729,0.075599099509418,0.0767417973261851,0.447825921699405,0.425542944891156,0.846696275519207
0.8610855930732,0.0227000112645328,0.02279783830198,0.61588555178605,0.552626872516844,0.227677751332521
0.173338560939897,0.513239527819678,0.514704548848275,0.050213237060234,0.156932256975431,0.133222223259509
1.65920905162908,0.630726151634008,0.631716587486732,0.652744704391807,0.686484296538278,0.514600465307012
1.09632961195589,0.418771624332294,0.420186011083016,0.323012597393245,0.227648031027792,0.682708673877642
0.833518489517859,0.879265945171937,0.877930047402624,0.158451190683991,0.183568548097682,0.626769614871591
1.19730435251849,0.107987073017284,0.108566656655678,0.211874283384532,0.157059413029748,0.972091135103256
1.15572799770331,0.980278696399182,0.979916875184884,0.372315408429131,0.382639010189437,0.647907044738531
1.43986295965593,0.264966631308198,0.264919778858546,0.67368800798431,0.860289658498278,0.292653548764065
0.992804645721028,0.0842775232158601,0.0836780457444484,0.156643519178033,0.0525441386495205,0.809636211488396
1.14581164905422,0.124895827146247,0.124989458631726,0.26257352437824,0.120194033731365,0.824690157780424
1.1652386340844,0.581554221687838,0.579434387272707,0.349599339300767,0.411201080303802,0.556943126488477
0.0021668400279848,0.240149608114734,0.241002051203559,0.113170017721131,-0.0309863002702766,0.00757428840734065
0.757265399157715,0.721887888619676,0.72204226319199,0.293369872495532,0.123193390210141,0.465134131722152
1.24857277791156,0.145928690675646,0.144956829035441,0.132111826213077,0.187833121993153,0.958005350083113
1.45214404779445,0.15283877030015,0.151737342464227,0.458199481246993,0.383148369534206,0.764730863971636
1.63141810857136,0.259222670225427,0.258532425337129,0.735613832483068,0.538520537910854,0.675805958453566
0.941397734696441,0.426466299686581,0.426604065753095,0.392610499868169,0.500163789218109,0.284216663101688
1.47638673994784,0.0600483361631632,0.061550680118126,0.841553097823635,0.859136607242136,0.310532049974427
1.55872822064314,0.48275689734146,0.483284052075984,0.456370112719014,0.545690389307234,0.595933250617236
2.55512299339295,0.979173583909869,0.977690377618667,0.958145375363529,0.978006367029355,0.817284323973581
1.56343529304955,0.542912817094475,0.542016384207561,0.47671812097542,0.478686440445844,0.628580471733585
0.826077154566486,0.33990564593114,0.340464244456848,0.181339415023103,0.0184353268762361,0.927607612451538
1.48770924129667,0.514157372061163,0.51454099554355,0.870722695253789,1.09928833375677,0.178493644343689
0.741108479103727,0.514923015609384,0.513883895499137,0.313037808053196,0.361692295011373,0.403801770880818
3.19162935684715,0.545514354016632,0.544565361768061,0.914265015628189,1.10748023769845,0.973730750381947
2.5470413143681,0.447457330068573,0.44735316911459,0.915109490742907,0.891896588469701,0.987500637769699
1.61701921161149,0.0838848403654993,0.0836761292627753,0.80749840545468,0.753753899791292,0.534573554061353
0.366135241021978,0.930133691756055,0.928344961560803,0.352837003301829,0.431447193639384,0.0208755335770547
1.08074369884698,0.0164481862448156,0.0169852706659021,0.67557309451513,0.550335803492649,0.281880288384855
0.767596613678014,0.414092399412766,0.412142703342673,0.268896893365309,0.136480397881848,0.652069763280451
2.3317789458959,0.226976093370467,0.226560858908914,0.95773032377474,0.660907006442677,0.927903201896697
0.401674724543039,0.0996405873447657,0.0996957170153587,0.121378165436909,-0.101193652277162,0.64981214189902
0.938660179376386,0.482923875097185,0.482221875378097,0.322974551003426,0.27880913376057,0.542434557806701
1.46774580561273,0.92132977838628,0.920930954455388,0.241929495707154,0.206929772439231,0.955441518919542
1.84269322794164,0.362601807108149,0.362491385308584,0.928745385957882,0.738395455705796,0.711625912692398
1.05351234745202,0.85513499006629,0.854210911615017,0.592801480554044,0.477397046357543,0.339871094562113
0.881078285778733,0.300906151533127,0.299548908532711,0.360916707431898,0.281998359994471,0.391117981402203
1.94035925356751,0.142730664927512,0.142202177148225,0.603134050033987,0.634738049941655,0.878251001238823
1.61488670790263,0.80771899363026,0.807266366743539,0.881003214046359,0.798304486530061,0.413757398957387
0.382437409426801,0.665807631798089,0.66722711699125,0.630556970601901,0.46909991625119,0.00705841090530157
1.04310804206945,0.430925568332896,0.431306717272258,0.922514916863292,0.744875724673995,0.21024648915045
1.22370170371166,0.659319650614634,0.658656066078858,0.391963151516393,0.51421569304486,0.42799242422916
0.960281963951416,0.407350709661841,0.408153537051349,0.141488632885739,0.231074859149688,0.56482590874657
0.999253577742035,0.306920220376924,0.305217137731529,0.9451186908409,0.96550919714469,0.046474102884531
1.12979815199246,0.255107345059514,0.255261252132079,0.242932134773582,0.221332293550622,0.657804844900966
1.21842664037445,0.8943934335839,0.895449296962985,0.227794309612364,0.287999540983384,0.738699113950133
0.815814790417746,0.845736156217754,0.845511689103403,0.23646776471287,0.0970577433605106,0.554627584991977
0.527437565978322,0.392901856917888,0.393398453307261,0.556291300337762,0.520874933226617,0.0657110502943397
1.05305587875622,0.82842305698432,0.827776144233635,0.498425296507776,0.417084713706274,0.503060101298615
0.362212676632788,0.0728918248787522,0.0728080621139647,0.115573309129104,-0.0370939090363959,0.454938662005588
1.78865652168505,0.114762677578256,0.114629056378246,0.643540079472587,0.643631394874492,0.699919157428667
1.31394196165736,0.6399842700921,0.641103873947574,0.627150473650545,0.656666264100998,0.408126826630905
1.8171140389606,0.320566200185567,0.32080542115815,0.255480226129293,0.42613398271642,0.907635769573972
0.472696892428057,0.1887495261617,0.189040128377558,0.235754756256938,0.145005152238469,0.231528286123648
1.64799827515722,0.86202601599507,0.862442314107457,0.307204690761864,0.431205546312095,0.791045646183193
1.26049171045248,0.00143389846198261,0.00196558108745873,0.228400683263317,0.258824318202014,0.777686411514878
2.61620751318641,0.951723448932171,0.952684937232777,0.838026571786031,0.966645789220881,0.856090185465291
0.983816489795528,0.49091898300685,0.491257419185456,0.256462530698627,0.348160256701621,0.480101780267432
0.723463462252849,0.463651715312153,0.463040762307884,0.460374379297718,0.456277112834727,0.146676274482161
1.63279206103172,0.596472046803683,0.596829098854093,0.834266781806946,0.705350501135424,0.563643799629062
1.09262504226076,0.173001179005951,0.171164887662172,0.505384083138779,0.579373563370694,0.307699922705069
2.55351415593646,0.785881076706573,0.78434004566018,0.77166713308543,0.899343156113798,0.790051663294435
2.34075698459819,0.577048209030181,0.57846272393864,0.99275263119489,0.840483595735396,0.840777333360165
1.18272192554604,0.840877033304423,0.841495371196184,0.956338259391487,0.968960570560023,0.0891855610534549
0.888751426598399,0.132203776855022,0.129853321467822,0.517284190747887,0.404145978947801,0.322381964419037
0.466566879942586,0.895891189575195,0.896358221161289,0.121383013902232,0.0736404903606054,0.497748559806496
0.451731579327157,0.894142537843436,0.893886277401616,0.0374532635323703,0.208197500174533,0.294411463662982
0.6797151569307,0.0836952936369926,0.0824262683604484,0.0121253954712302,0.19826801754125,0.292164040263742
0.555154293971457,0.0486410746816546,0.0495037026895854,0.576633698772639,0.402428992146195,0.109013366745785
2.09948799117864,0.979815867030993,0.979238932359096,0.742517412872985,0.664171670743479,0.875225476687774
1.37160759215333,0.484167741145939,0.484035473797649,0.18866724614054,0.268194300371623,0.692374812439084
1.24503437088335,0.845393033931032,0.84597986203162,0.297074720263481,0.24384771926438,0.853650610428304
2.22669233441899,0.416293604532257,0.416828604809254,0.446986652445048,0.645567086718938,0.953922197921202
0.379438657785862,0.183287817519158,0.182747208101949,0.657043382525444,0.441347175678282,0.0199949410744011
1.30076084725508,0.759161467896774,0.759420918812009,0.613949180580676,0.604746430888202,0.395968255354092
1.08360863347744,0.305143302539364,0.303965023778355,0.728807719191536,0.68906770749167,0.264537950977683
0.0306600531211287,0.13650520821102,0.13675578627819,0.0539109997916967,-0.0146551666579867,0.0603809787426144
2.54458680270038,0.177136411424726,0.176858487375565,0.955095769604668,0.875824322746377,0.933004368329421
1.58737601845823,0.811120785074309,0.809114080130453,0.920763139147311,0.805896078001414,0.411797893466428
1.69959818504239,0.11536201252602,0.114070204195552,0.366664744913578,0.47824079146825,0.961146477609873
1.36577591131171,0.893421786604449,0.893787624832932,0.698392546968535,0.610446869151534,0.53107291390188
1.30021800475051,0.575352881103754,0.575200677849846,0.569352346938103,0.697284640691265,0.338511943118647
0.327303608679577,0.902805796358734,0.902023824301753,0.0113699187058955,0.0955927956252476,0.121738765854388
1.48088817303688,0.253002469427884,0.253554036462696,0.421372019220144,0.36105051843887,0.897468667477369
0.933694840635917,0.76854715985246,0.769295336285551,0.00475537194870412,0.0811998276166627,0.809465241851285
0.54649826690878,0.305399328004569,0.304529265484125,0.115653129061684,0.139392580575981,0.379574816906825
1.04812234388265,0.518569612177089,0.518471864245731,0.902294580126181,0.897825673464975,0.0572861009277403
0.388366713558893,0.334599666763097,0.335492766976813,0.100998789770529,-0.0108562405857196,0.345732118235901
1.09019990229507,0.154434968251735,0.155785883347001,0.565415457589552,0.623085959871952,0.399817127734423
0.735972771957584,0.266369568649679,0.267858539043988,0.251431673066691,0.0212574520623061,0.60648921946995
1.42552354762177,0.578458378789946,0.578243905546434,0.952523705316707,1.07215582921365,0.206941357348114
2.18457691519308,0.808601795230061,0.80905728982,0.72727880300954,0.707111115023081,0.976009123958647
0.74667436430566,0.833863337524235,0.832860413772131,0.492364404257387,0.527059268646417,0.269077365519479
1.86762662023368,0.649453951511532,0.650148610287429,0.468232227489352,0.448701619465877,0.935671792831272
2.0651375998197,0.920489149866626,0.921961007804715,0.735025620320812,0.906045574369328,0.559661860810593
0.403152174264601,0.856510716257617,0.856419432980974,0.333128538914025,0.219873089742677,0.128327133134007
0.981359405188807,0.229146477766335,0.228733614827293,0.891244566068053,0.834642502794884,0.0615905323065817
0.503590695987293,0.79194687330164,0.79116581210332,0.308703397167847,0.211264956854974,0.41250801156275
1.86733853513252,0.646774860331789,0.646384767546377,0.698768785921857,0.793277020006483,0.546634909696877
0.755174195241507,0.424334690673277,0.424948528295286,0.193474913714454,0.218249024244456,0.491058575920761
1.20016269054523,0.531133668962866,0.53233152018288,0.170426716096699,0.0796990678626448,0.978813800495118
2.41662097450211,0.524307115934789,0.525598257201446,0.628090404905379,0.863183780107958,0.853651417652145
2.20684871310278,0.7169320799876,0.715708484751789,0.939113241853192,1.01752728373786,0.575165657326579
0.89504614141475,0.961343576200306,0.960930401565935,0.768296210793778,0.785319859873312,0.15376143809408
1.19924162960308,0.174528022296727,0.174076857578465,0.280295154079795,0.348096964121132,0.629928176524118
1.1404331463534,0.562540134880692,0.561975435928964,0.425265705678612,0.468702905637077,0.27340256026946
1.16939037307704,0.759258169680834,0.758698159346337,0.83729349845089,0.915348941473966,0.105956816347316
0.0876341156807908,0.666971337515861,0.666000779448869,0.151504725916311,0.107047950070876,0.0974849914200604
2.56086455864118,0.224872923223302,0.224310099677128,0.665853778366,0.79300541955055,0.964980545453727
2.54265557479052,0.319831759901717,0.320025410011467,0.673618279863149,0.856219327177498,0.896651475224644
2.33528153604047,0.199198380112648,0.200156253712073,0.884335972601548,0.90504258831862,0.662530409405008
0.690512904230572,0.137517758645117,0.137560307300723,0.469947767211124,0.385642566265704,0.247184541076422
1.83923961192906,0.10699468688108,0.109330387743094,0.636090491898358,0.589441763944456,0.913877116749063
2.01496224226073,0.0928593957796693,0.0923975283238473,0.740597950294614,0.892242853204113,0.572299087420106
1.04518454478395,0.916448955191299,0.91718938509734,0.145877597155049,0.353273736618005,0.614510214887559
0.878481042850134,0.277060435852036,0.276362091191354,0.406403280328959,0.300728603836245,0.535068952245638
1.72418298484415,0.885793877299875,0.886859246201331,0.458289358764887,0.493814238254222,0.787337691057473
1.11342326492798,0.795051236171275,0.794133026851032,0.409689947264269,0.418721583850105,0.516346624353901
0.8140509860438,0.0481933229602873,0.0493190613631935,0.750275055877864,0.69852315636788,0.206586091313511
0.615517407162339,0.0388159311842173,0.0396987315692157,0.188448956236243,0.21717908647777,0.442298736190423
0.988999817693272,0.284574129851535,0.281806051240684,0.108742242911831,0.275549742596414,0.613954412285239
1.60454773686727,0.348809832474217,0.348953659053073,0.743814856512472,0.635721184053825,0.651818849612027
0.788080456561494,0.737453325418755,0.738973208543907,0.115077136550099,0.0752920260878613,0.632991570280865
2.40833252444433,0.251663581235334,0.251492265157313,0.997820341028273,1.02754122267261,0.721411886857823
1.08248531786525,0.759444722672924,0.759290428070838,0.408183039864525,0.414941488018827,0.387296663597226
1.40633608298198,0.2039406853728,0.202802388281518,0.956695872126147,0.940238734846089,0.309967189095914
1.39963821785759,0.993045282084495,0.992958026551682,0.254532004939392,0.273530285597969,0.977292031282559
1.10472108762373,0.000405043363571167,0.00124037008421537,0.120106203481555,0.113236339967662,0.822308811126277
1.72701136005734,0.634028090629727,0.634669436931131,0.673528438201174,0.744583399677386,0.471291459398344
1.67603258229057,0.0172918252646923,0.0162597242969064,0.374333020998165,0.372424052385585,0.929513677023351
0.560236675141797,0.0267354713287205,0.0282212419824736,0.147115915082395,0.278428602390206,0.145485169021413
1.72690098021472,0.60784059506841,0.609031071315688,0.969005996594205,0.986044612174656,0.410185078158975
0.155579063069862,0.570541352732107,0.571158579463584,0.0692367944866419,0.127118455040021,0.0821260598022491
2.18265529021218,0.245853347936645,0.245680409612179,0.602387393824756,0.625177881324523,0.930871162796393
0.546936959788327,0.645450439304113,0.644572226256845,0.147602137643844,-0.0374480486092713,0.626656705047935
1.52697260195308,0.208285454660654,0.206056859513778,0.82409259211272,0.727238108135663,0.473611156689003
1.45062908470535,0.480617735767737,0.480810998993005,0.329525908688083,0.392288555593112,0.633707299362868
1.6448890724174,0.986518583260477,0.984205926543536,0.476099021965638,0.600126784903782,0.622188438428566
0.730100716858954,0.993119847727939,0.993095513935804,0.189783580601215,0.0390932748881854,0.888945777434856
1.45486259429422,0.450774036580697,0.451215377169936,0.519436634611338,0.637696323982627,0.455177711555734
1.53167857788064,0.714848786126822,0.715638362880592,0.4950915153604,0.361672659424117,0.909352029208094
1.98405344837597,0.833687560632825,0.834302821792362,0.753280780045316,0.620331563541678,0.75810259161517
0.592431537393671,0.433975581545383,0.433116003689214,0.0109248289372772,-0.00728651292444428,0.43373951758258
0.0265755391989874,0.995992258191109,0.996883007167478,0.177961954148486,0.182875808612219,0.0350202892441303
1.04599009672983,0.486242167418823,0.484377506363263,0.536703034071252,0.494467679432742,0.339751561172307
1.35530636522992,0.538772000931203,0.53865886408028,0.545424479525536,0.54345911355209,0.567659859545529
0.0431271891137543,0.341039908351377,0.339256521975502,0.0209216014482081,0.0512232439815919,0.0375864410307258
0.998769759197855,0.498156590387225,0.497569651810706,0.754527870332822,0.892371060393531,0.117900635348633
1.41330125268008,0.776445082388818,0.776379676543481,0.765799451619387,0.861383107921328,0.255144007969648
1.56038932284094,0.768852224573493,0.769040445615252,0.420092538697645,0.504091236716378,0.694548860192299
1.72374474571489,0.163928855676204,0.164468511650667,0.990897176321596,1.01244110209444,0.319065928924829
0.615875741905709,0.441774149890989,0.441353265821332,0.0860181602183729,0.0222204400225484,0.445947548607364
1.62644996562592,0.523407669737935,0.523068203177958,0.549115324392915,0.604400122597984,0.807558442465961
0.984004360166392,0.476919188629836,0.477437269018199,0.378684491151944,0.415719573651019,0.456687410129234
0.887086548720553,0.524643287761137,0.523773900140124,0.387720529455692,0.348818152702476,0.339159182505682
2.92797161331615,0.351792022120208,0.351649405333603,0.996456603053957,0.96986798371523,0.975949590560049
1.37525185115564,0.839631285285577,0.838866074317733,0.74640809581615,0.796552232148307,0.411452061962336
1.94425033845413,0.921913691563532,0.921253890992215,0.779789959779009,0.774554677080048,0.677332675550133
0.917725166496537,0.206528918119147,0.205646990668941,0.666724994778633,0.697582847789204,0.128554932540283
0.953403466850576,0.323822023812681,0.322546054439607,0.946069425437599,1.02215095109043,0.0372024930547923
0.996009094164091,0.471713925013319,0.472089509997283,0.129599037347361,0.00872120819958042,0.961969197029248
0.16379591872758,0.734029720071703,0.734456008270962,0.0878526768647134,0.0241482258016788,0.221677574561909
2.41603586422332,0.150484099052846,0.149971967039653,0.843836906598881,0.91146009980193,0.797376758884639
1.05214946713919,0.697553366888315,0.697205851351339,0.757122760638595,0.570181657612795,0.3519548678305
0.419229464616123,0.264107904862613,0.264717297609,0.588435062672943,0.481579814047357,0.0283603088464588
1.18594846253475,0.426464922260493,0.42720038657853,0.305002555251122,0.292402013657686,0.644185219891369
0.301537029199936,0.721333573339507,0.72181028190018,0.0136750456877053,-0.0599533961551613,0.491687970235944
0.63485586325092,0.474471707129851,0.474799992896633,0.3231923985295,0.304068217611051,0.266064269701019
0.506449312158781,0.338586960919201,0.336805693443948,0.169893648009747,0.050063621671277,0.341294084908441
0.250793329901775,0.240592138841748,0.240711535263094,0.218761078082025,0.136335616231417,0.068873567506671
2.26028803925203,0.564904673025012,0.564243839782801,0.776762806111947,0.815066548538123,0.766518822405487
2.42515727892209,0.712568088900298,0.712462582854239,0.791421241126955,0.73731429880072,0.958930435823277
0.998389811218863,0.108096597949043,0.106916512061456,0.119019159115851,0.0634250493323664,0.891422909218818
2.17238186074587,0.714631942100823,0.716457107178997,0.903231400530785,0.833863496894587,0.781918759923428
0.401669040113437,0.313981684856117,0.311493045005963,0.00532734184525907,0.0933266223164572,0.409360554069281
1.53191828329924,0.575004067504779,0.573583212223407,0.406741963932291,0.36361710067192,0.956502066459507
0.606968378423563,0.831371922045946,0.830095625479694,0.0229184434283525,0.0395629133965541,0.505602411692962
0.396490991658174,0.520339757902548,0.52241885870192,0.397600579541177,0.411652540007856,0.0494911214336753
0.408391388680051,0.694011028623208,0.695026564643891,0.177536367671564,0.166781740406059,0.132550079375505
1.2796262532742,0.499903989490122,0.499794376673947,0.253547794884071,0.228349033952919,0.771628543268889
2.55531253314561,0.354160398710519,0.355141917591548,0.9136447601486,0.953646798593336,0.818772388622165
1.06923572903148,0.964804159011692,0.967065506218502,0.374866781756282,0.474283804785495,0.376752421725541
0.342613112094622,0.922261254163459,0.922898344087263,0.29976514657028,0.260377787574771,0.0433204320725054
1.645730386085,0.204592706635594,0.206368243178441,0.771076026139781,0.916252253677807,0.45409937412478
0.845080540915879,0.873992832377553,0.872913509783798,0.19097944162786,0.39112515696282,0.270608277758583
0.731363111759919,0.51259378483519,0.513485538026554,0.0186340967193246,-0.0175184390985499,0.86361270910129
2.04558553364957,0.480816515395418,0.481686611905358,0.717881221557036,0.505316039567033,0.999135590158403
1.11403139396494,0.100229354342446,0.0997582606495997,0.391466273926199,0.356706481607132,0.545290163718164
2.07504833972478,0.472588874632493,0.473538504626313,0.499273994704709,0.643769225588042,0.832128227455542
2.96421655397104,0.312179648084566,0.314027375675858,0.989926378242671,1.02754998563255,0.968408710090443
1.50624102377712,0.772399305133149,0.77363971256202,0.494773744838312,0.312662191630865,0.920206812908873
1.71795027804761,0.823944246396422,0.82395659275441,0.684504901524633,0.514415591301494,0.832368372939527
1.04617773236906,0.22003285982646,0.220119959763746,0.494747002143413,0.586650678466343,0.129891496384516
0.529656258539769,0.423455537762493,0.423786821675434,0.346289912005886,0.49003708005876,0.0581491133198142
0.138138817735689,0.838569788262248,0.839921516893235,0.0221767101902515,-0.00904382683609463,0.169458043994382
1.28442337513791,0.287320587551221,0.288957153287484,0.622774543007836,0.454236103536294,0.382069963729009
0.436295288230421,0.470720700686798,0.47120063291565,0.129621853353456,0.220717062460705,0.244616304989904
0.511866838669531,0.780844533350319,0.780108217439061,0.179848215542734,0.112348132685079,0.416945653269067
1.17724006982262,0.0827168372925371,0.0821338206731235,0.636380113428459,0.650111270093255,0.328032422810793
1.22470268371048,0.13333323597908,0.133097472639723,0.220924504799768,0.265067767327222,0.596233303193003
0.33871067253511,0.274119541049004,0.273851249769688,0.00364273996092379,-0.0505144700141735,0.539114581421018
0.531776077094943,0.299059249693528,0.299207342541931,0.157515878090635,0.229924068396811,0.273252422688529
2.32018556425651,0.374786772532389,0.374579977549553,0.937204266432673,0.680966383754755,0.935988927492872
1.48193894163641,0.491452492540702,0.490809932402251,0.765437272377312,0.671715504924794,0.535598278744146
2.50620802737102,0.878602623473853,0.879450195297738,0.821633182000369,0.974589246824008,0.870670741423965
1.16523490643102,0.748729828745127,0.748202256618726,0.251801093807444,0.251262479998514,0.76958919968456
0.645868111511234,0.955186023144051,0.95518839390116,0.117555723292753,-0.0507626457432628,0.699304988374934
1.62695696781821,0.824162796372548,0.82133432172016,0.419360024156049,0.423909335050826,0.76484923181124
0.349217276915663,0.124696853803471,0.124854612974584,0.144773439504206,0.0762396288800158,0.11770619195886
1.85614121723636,0.728109711781144,0.727256274758479,0.519850878743455,0.515948395308057,0.805048545589671
0.479251008919439,0.608517412794754,0.607254516623583,0.10978319356218,0.0256423918578044,0.353265274781734
0.671527451841674,0.122946700546891,0.12116875400117,0.369602476246655,0.441225303862797,0.0864857286214829
-0.0966485186549864,0.876434698933736,0.87574777928866,0.222431857604533,0.0356852923087625,0.00562102859839797
2.16985669693469,0.842348815640435,0.841164480118141,0.896973970578983,1.09605964254976,0.439660622505471
0.407020139295911,0.0462378135416657,0.0470274908433933,0.106348782312125,0.183457431898126,0.19549890817143
2.28100670840004,0.534791055135429,0.53442099369285,0.845369518967345,0.835010063931436,0.792757481802255
0.116941229338682,0.945457234047353,0.945466570414396,0.026916520902887,-0.0963373111550933,0.312477080849931
1.38457038666958,0.912029979052022,0.911078919460349,0.765348206739873,0.672057420462549,0.334839381976053
0.161313741202741,0.765520478598774,0.765710818442806,0.15091262711212,-0.0555399689327661,0.342872234759852
0.974655791247223,0.50504457950592,0.504972840736522,0.0986977710854262,0.166422693334531,0.694279602961615
1.64236562048815,0.202548482920975,0.202545631210924,0.711354476166889,0.794992781958326,0.442051786929369
0.424524700578064,0.19162413617596,0.193852678074387,0.132770109688863,0.112440759870799,0.311681134393439
0.381463840658023,0.297899801051244,0.299523936273782,0.0806416068226099,0.258219108081209,0.260426334571093
1.73541922515787,0.325131266377866,0.32565103100312,0.663194541586563,0.713529956554352,0.68294800654985
2.32172073842307,0.571876234840602,0.57052420620384,0.79354089894332,0.979535468313099,0.724655324593186
1.27048988428355,0.882491525495425,0.882917649323054,0.373366434592754,0.312417130035724,0.716729673556984
1.25157854028646,0.385852537117898,0.385582593496067,0.810619065770879,0.907553981496718,0.154134820681065
1.24243359211299,0.737772154854611,0.738562945814384,0.864616304403171,0.928346620110597,0.107725620735437
1.30396216388146,0.79631936410442,0.797159972743193,0.42274986486882,0.59996663411967,0.475332284811884
1.43737788705778,0.724161460762844,0.724194430247694,0.09587218076922,0.213703237231421,0.930429544299841
1.67817536325192,0.38543858891353,0.385200425159682,0.882594126975164,0.992664390591298,0.295183213893324
1.0714808191583,0.298152282601222,0.298415834887373,0.288669816451147,0.426364624036622,0.453483486082405
0.638604993697432,0.197991926921532,0.199804454071442,0.586888406658545,0.713698552336957,0.0657418719492853
0.684903656044531,0.625107899075374,0.623369799392756,0.662737796083093,0.475528918238651,0.103921910747886
2.46250968019868,0.138182840542868,0.139811951693613,0.644418434938416,0.769226729751105,0.93811858468689
1.15761721051623,0.373078520642594,0.373606626084082,0.228269760264084,0.120539719319632,0.939172213897109
1.52277604980736,0.314089832827449,0.313729388640851,0.609919177601114,0.462502220935429,0.91085165925324
0.746284675771253,0.368318096967414,0.368277897349939,0.580019135493785,0.408532520763404,0.199654555413872
1.07768709969361,0.439058027463034,0.439082832112972,0.494815282057971,0.57957067884694,0.251468984177336
1.05990613429174,0.601828285725787,0.602381711128888,0.0820332332514226,0.090356756917126,0.836280291434377
2.07144480589066,0.958318280987442,0.957389943981002,0.598371779313311,0.625976271108668,0.947940001264215
1.49743422899381,0.970767963677645,0.96876753823635,0.913878408260643,0.742764133718234,0.445696944603696
1.10175301020304,0.476859610993415,0.47575742769017,0.0876448270864785,0.0449235583949558,0.881274666404352
2.07541025778586,0.673435813980177,0.672996908340424,0.847412111470476,0.86250200775356,0.637220217380673
0.706854351958899,0.636485945200548,0.636645079407311,0.918708570068702,0.807755843719848,0.0303814013022929
0.446862631434505,0.859278114512563,0.85878351382703,0.0820414694026113,0.0271605962886441,0.409299268387258
0.561248402769248,0.535269055515528,0.535233013054495,0.26088910526596,0.110857519958284,0.506208353210241
0.873200844288673,0.941694442881271,0.940591826778705,0.187964247306809,0.244480653612726,0.565098185790703
1.27633050682226,0.0500307474285364,0.0496983839659258,0.437548547517508,0.432929899012555,0.608715636655688
0.810706598619264,0.778269294649363,0.779375457918185,0.553102531004697,0.56846520548817,0.151374123990536
1.17848382879689,0.925961389672011,0.92432769606716,0.540200793650001,0.46353835221316,0.521911900024861
0.578685299399258,0.24492099462077,0.24439633717578,0.165178722934797,0.0958268259689645,0.408823134610429
0.829374710414154,0.391108496813104,0.39153567485509,0.206157860346138,0.280442794139549,0.494727618526667
1.59664806043024,0.182561425259337,0.18153629543916,0.586465526139364,0.55791175534325,0.648930004099384
0.588376983901225,0.257462913403288,0.257692515289916,0.206966600613669,0.180527596468135,0.50230258400552
1.62252966029232,0.55324704782106,0.552940026543248,0.831817157333717,0.66182171770609,0.635600552894175
0.592591103611687,0.962896824115887,0.962731092275276,0.188422480830923,0.124720901146477,0.333011443726718
1.06348432816454,0.944522878853604,0.945177891412268,0.518944717478007,0.836396695906015,0.0412179704289883
1.13993061216213,0.706210570642725,0.709681480246191,0.224278108449653,0.268479724322827,0.518565009348095
1.86233545015136,0.140778355766088,0.141072436658472,0.957585849333555,0.977605667657824,0.485429010121152
0.164313309411244,0.00898262416012585,0.00844625031377946,0.193114334484562,0.140194813292742,0.131040825042874
1.40170649482185,0.686495538568124,0.686350765072679,0.971871672896668,0.704154787409624,0.445989132858813
1.0332365490529,0.917510882485658,0.91814505767885,0.218537736684084,0.166912698016243,0.827573039801791
1.22358377211021,0.408421214204282,0.406646358135377,0.35925185540691,0.273047674033376,0.802310838596895
0.826186402520148,0.422439390094951,0.420373254210264,0.0964060225524008,0.0334091255429914,0.839411322027445
2.84508912230072,0.537320081843063,0.5372301749336,0.867307560751215,0.974803806937905,0.961116405436769
1.91839205907162,0.0976446585264057,0.0978108993594992,0.572114154929295,0.704272735284484,0.801123660290614
1.0246960756158,0.725024226354435,0.725435818474298,0.574071634327993,0.549048175570707,0.240212848642841
0.699089885683668,0.0110090409871191,0.0126892278151415,0.16328145051375,0.00756402054162769,0.600742078851908
0.769369801778554,0.918857760028914,0.917795652455679,0.530344806145877,0.556304352680136,0.119842222426087
1.3475114711094,0.900228734128177,0.899437498478499,0.499203874496743,0.465466436742718,0.617672100430355
1.59433740957772,0.951921815052629,0.952175813552079,0.452525863656774,0.557795089726727,0.625759653514251
1.38897465275357,0.62558709224686,0.623399923954274,0.423979897517711,0.54510124487159,0.621950498549268
1.81191595694949,0.291318518575281,0.290570356991529,0.693271815543994,0.865331540184599,0.499338009860367
0.859330738896359,0.632220890838653,0.633887563163583,0.592192823765799,0.568567661399711,0.276477641426027
1.30547262962997,0.863572930917144,0.864949648908209,0.567681102082133,0.588714120394421,0.30992669519037
2.17650442788902,0.385190207045525,0.386521210003788,0.759939346695319,1.00803138508121,0.620816822396591
1.279864453106,0.670760133769363,0.672014789718799,0.88506002468057,0.887776508919313,0.168500442523509
1.4671700653918,0.595228760736063,0.594682025217904,0.435099425725639,0.367735144983944,0.781754468102008
2.19223274952592,0.399126905016601,0.399055182097642,0.900162122678012,0.909145807588812,0.776707488577813
0.624691136903409,0.140409882646054,0.141711460460771,0.0646228527184576,0.227005004005831,0.31790808076039
1.0849848825969,0.899924811441451,0.901404425776828,0.356002363143489,0.255164913368919,0.825264582643285
2.74914351968067,0.532290263799951,0.532549951027207,0.967086831107736,1.05536850509894,0.81930664437823
1.50045041987647,0.522124740527943,0.521038219602965,0.538429864216596,0.576032576566964,0.481779734604061
0.942735671349594,0.16033573099412,0.160421954557314,0.630461031571031,0.640906120416394,0.226449706591666
1.08539056018255,0.519567017676309,0.518720815227256,0.332169298315421,0.489344241090377,0.346468588337302
0.226908029172298,0.224503509234637,0.224892415099007,0.102921613259241,0.0760575134404265,0.142848423682153
0.658925890024613,0.503687579883263,0.505133181532188,0.669407879700884,0.518348232674661,0.0816859360784292
0.934354970823904,0.158960648812354,0.159277873294456,0.00154429720714688,0.029650420076551,0.863512622425333
0.827244280651047,0.499029459664598,0.497289222334123,0.532234582817182,0.646100325579981,0.10469984030351
1.66464997630318,0.615344077115879,0.614891255836958,0.555322768399492,0.410088954030259,0.883615036262199
1.04960965069921,0.743930876953527,0.743344789446968,0.543849952751771,0.481214620597559,0.395318435737863
0.510789591038441,0.61681821080856,0.617966129852877,0.549763440154493,0.356555882556802,0.124536948278546
2.62483876206803,0.541528468718752,0.541662616460599,0.897352821892127,0.938894944616373,0.874413695652038
0.842220237410188,0.241202568868175,0.241531896640289,0.585588571149856,0.555976939234628,0.265464809723198
2.35757425786191,0.64483752194792,0.644540009734278,0.824940885184333,0.961163059108888,0.624394217971712
2.10008716337599,0.0481404992751777,0.0469700440100623,0.895916576730087,0.962577653374599,0.579241412458941
1.01374289155123,0.962842692388222,0.963838811254522,0.0688524197321385,0.134988797331417,0.860735900234431
0.378779839751621,0.0113935696426779,0.0116154372991435,0.054692248813808,-0.00736769711563084,0.29032750451006
1.05938655293295,0.234972146805376,0.234963702387841,0.169156908523291,0.0390571081989549,0.860850369092077
1.00932382236705,0.0143044360447675,0.0165551412839507,0.450497081270441,0.428622734805558,0.428283678600565
0.883347684596843,0.361763168359175,0.363199803050532,0.25199023890309,0.308449038621183,0.406742058927193
1.33050026310455,0.605793738272041,0.605472946380523,0.683633310720325,0.500031223841558,0.572778244270012
1.69599608309644,0.263718613190576,0.265560288057839,0.607272508786991,0.631687169753798,0.644138196716085
1.63340462195685,0.67514867708087,0.675238601806095,0.672765699913725,0.495629516531235,0.83469775877893
1.34752412853885,0.935806215973571,0.936209008791688,0.243899285094813,0.468960312039991,0.658008589176461
1.62997583254787,0.00359140639193356,0.00490080009659105,0.952924082055688,0.858623196676413,0.543529199436307
2.47606515897414,0.786971174879,0.786357920656274,0.930452808737755,1.09914175435737,0.688818818423897
0.691896644852254,0.806933146901429,0.806497666816509,0.699560183566064,0.665678990922728,0.0474301045760512
1.13428297001918,0.0730383845511824,0.0726562784669116,0.27034595166333,0.332417310815547,0.52178440708667
2.30325518672379,0.56699930364266,0.56717063181877,0.973353288602084,0.893081179916344,0.802728083916009
2.22911588944458,0.137675155187026,0.137256983750439,0.598711757920682,0.659518497129661,0.970881385263056
1.63331730083324,0.276332648936659,0.27703984450156,0.656338314060122,0.809132497605661,0.476766486885026
0.734631111081234,0.351843506796286,0.352155314331603,0.772665102267638,0.709957502875849,0.00633101421408355
1.00731690169369,0.812805236317217,0.813155876474,0.746832557488233,0.590405882890335,0.167667933506891
1.89618295820456,0.5211620926857,0.521378614339779,0.827447644434869,0.840044360946281,0.537204437190667
1.45938327897073,0.764622842427343,0.764508092584464,0.468858948908746,0.494792031015207,0.691707635996863
0.448072239905266,0.288755647372454,0.288775985495683,0.17200778471306,0.144479133829807,0.363957214169204
1.12089124396207,0.0369237822014838,0.0366717513294288,0.766161544481292,0.724017999693266,0.285376122919843
0.596673231784172,0.560646349098533,0.560048877819366,0.0920169746968895,0.316637754208177,0.135864194715396
1.8285862725625,0.434622491942719,0.43539685788287,0.800878618843854,0.923230006391408,0.388559129554778
1.91973247437956,0.676762288669124,0.676709862315867,0.901820532046258,0.888044649828793,0.50614844285883
1.4537496892154,0.298268895363435,0.299622845566269,0.819579195231199,0.81931229678066,0.342494180193171
1.94675170175529,0.208253394579515,0.207332743152208,0.498934362316504,0.619525307334943,0.854271045187488
1.81228790368584,0.318896428914741,0.318585657540744,0.728497300064191,0.695652392494389,0.700870999833569
2.2951642702568,0.854374968446791,0.853319165478609,0.780955829657614,0.812384386388571,0.758749261731282
1.1302906749469,0.0610599068459123,0.063298651101712,0.271743651479483,0.289890176849886,0.594997653039172
1.62892915543112,0.18204610561952,0.181573043479487,0.714580944739282,0.752059353942961,0.473539293976501
1.82492784341232,0.483836601022631,0.484742655108112,0.571289492305368,0.507036972537109,0.815503824967891
3.01365336155521,0.338283574208617,0.338321491140211,0.891496705589816,1.14904203745431,0.920395123306662
0.432521977796472,0.813362698070705,0.813187335787681,0.0281691611744463,-0.0858998900477779,0.687213790137321
1.83833857765824,0.870432480005547,0.870070870980269,0.678997898707166,0.648023186406585,0.712862405227497
1.73257138760697,0.019161278847605,0.0183576573055201,0.692498974269256,0.734123278988507,0.544584876159206
1.40620309933632,0.824748182203621,0.826089758554696,0.57104012882337,0.614193185893419,0.419360703555867
2.30820333655137,0.401268495246768,0.401894425901146,0.833702246192843,0.716788555589432,0.840936286142096
0.381722840937414,0.672058288240805,0.6720894189488,0.294808607548475,0.279791368411184,0.0654111939948052
0.86864115550699,0.118672215612605,0.117577302263136,0.190586479147896,0.0506742673432608,0.883313842117786
1.05414331794647,0.476424339460209,0.47593792539465,0.169095518998802,0.260829440367107,0.72457588207908
0.242160476306866,0.574839341687039,0.573844828338946,0.114663711050525,0.00204435488676148,0.100461616180837
0.969127021038928,0.912751579657197,0.912179709334679,0.0639009249862284,0.0633174211000884,0.813843125011772
1.03443700114758,0.755301924189553,0.756085097371123,0.80544449086301,0.679831192704908,0.122377905063331
0.988206588438927,0.630999924149364,0.631381290570453,0.132828836096451,0.154107983498992,0.781703399028629
2.40662602574853,0.923546462319791,0.925199077439886,0.892694150330499,0.829863141426152,0.826881796121597
0.644112454392333,0.164468809729442,0.1632780427943,0.733845317969099,0.574345172628697,0.0216464321129024
0.364021756138132,0.192883944371715,0.194299621823618,0.501389091834426,0.25374404238217,0.181727139744908
0.914160494380849,0.097642665496096,0.0984568383132885,0.276608401909471,0.387637943084156,0.486530248774216
1.31308735682813,0.829109395388514,0.827011824340158,0.107896114466712,0.283947873924314,0.992000335128978
1.40016645122463,0.805863957852125,0.806184122934613,0.847026282455772,0.972676257105667,0.183745437767357
0.770454509180151,0.279269986320287,0.280071011440711,0.710791718447581,0.702638328645617,0.00473987683653832
1.03442878560268,0.449029579060152,0.448237898406109,0.805251593934372,0.819978752400727,0.118156097363681
0.781321047276193,0.625878707272932,0.625868041009698,0.0145124075934291,0.0499721635476666,0.502737935632467
0.646362037128111,0.370921416208148,0.369297898268204,0.253626202233136,0.219912091897033,0.326926054665819
1.19616105269711,0.38231894839555,0.381411381343662,0.402444647857919,0.451710043023567,0.547008429421112
1.92650108677296,0.390297754667699,0.390568942624231,0.867115063825622,0.961876217785943,0.440501705044881
0.914512776412289,0.0702937594614923,0.0702200982462873,0.174981068121269,0.291523951567872,0.53708085976541
1.35427544600092,0.707506610779092,0.706732180450664,0.366298414301127,0.324181777672084,0.7727317053359
0.91882050728201,0.69299681391567,0.693590630051196,0.0277924372348934,0.0612527128785924,0.724450604524463
2.02882306377456,0.0961472901981324,0.0974747947577141,0.904128182446584,0.893505916949267,0.549356140196323
1.12195099011654,0.0369032295420766,0.0363023937102594,0.841076006181538,0.712367357559724,0.246957075083628
1.15312782798876,0.400940120918676,0.400996627776927,0.963698943378404,0.872892957373409,0.218268371885642
2.92117676503709,0.944949925877154,0.945110681463825,0.925364246359095,1.04779617725482,0.937503933208063
0.596544966259573,0.244498279877007,0.244143529907221,0.556079534813762,0.43130285558756,0.145897382870317
0.974175465365507,0.5416769774165,0.541205750069407,0.180238776374608,0.240366277760445,0.729293825337663
1.34285845731028,0.374908455181867,0.37470773397451,0.70150294015184,0.79153742892657,0.252542562549934
1.34753855195883,0.327511116862297,0.326966668233528,0.254693093709648,0.159305942315038,0.827795639866963
0.86254885027179,0.947205751203001,0.947583113472646,0.798163362080231,0.674074190638941,0.14459894481115
1.18547242107547,0.91057491232641,0.910978640486991,0.374294538283721,0.382449547863893,0.594547373941168
1.39548931362265,0.758074916200712,0.756973836279492,0.136536655016243,0.243015120896425,0.940605576615781
2.70054230629894,0.580401404760778,0.580827220937989,0.902348143048584,0.953949075565326,0.910943461582065
2.35603938775201,0.213284181430936,0.213001052712074,0.858976501272991,0.957551199714828,0.703020065790042
2.21307960047466,0.981905837310478,0.982233639773673,0.935098415473476,0.875741197600383,0.706061010248959
0.268219211536842,0.125443475088105,0.126726048546915,0.394513829844072,0.161016651716891,0.176803102949634
0.593902006156481,0.618285143980756,0.619944030914586,0.187233106931672,0.094573380968583,0.51085721119307
2.45225896117637,0.366580521455035,0.366251602663306,0.944326817523688,0.838677484163384,0.843151141423732
1.14943976005364,0.157130227191374,0.158231303779224,0.658215223811567,0.650459773459727,0.306818739743903
0.362633892991268,0.447839834261686,0.448421552222468,0.15953236958012,-0.082070654632537,0.481418742332608
1.55726902374251,0.485874579288065,0.486832358490823,0.95386434555985,1.03481633340812,0.380212516756728
2.68341098979264,0.904753880109638,0.904465419046065,0.955994084011763,0.943486339827411,0.910861356416717
1.98512392152864,0.940164701780304,0.938708550192411,0.652346250368282,0.693461412246736,0.798124842345715
0.319239856297107,0.773493236629292,0.77178858508863,0.0270417823921889,-0.0580017481124878,0.398382252315059
0.848378777951078,0.0922109857201576,0.0942222069114531,0.422880963189527,0.569536070310368,0.139263748889789
0.760523394689505,0.0162434296216816,0.0162473909541343,0.202141049085185,0.232828903406156,0.300387173425406
1.16720516684709,0.333509586984292,0.334067808890861,0.620047547621653,0.663015630901658,0.279813206521794
1.96645046493048,0.792070718249306,0.793517039486094,0.576818514848128,0.668935805960548,0.782201113644987
1.01478087769153,0.496387037681416,0.497020506424775,0.143639498623088,0.198120286942557,0.672642262186855
0.61045684110159,0.345139099750668,0.345486403142795,0.115565962623805,0.271649925298805,0.273293286329135
0.978551864623899,0.756324941292405,0.755696286366496,0.725683932658285,0.590300317860027,0.293296830030158
1.93002638643059,0.00692103989422321,0.00708548124436697,0.958449034253135,0.910617921011237,0.389864034485072
2.77809104949837,0.556969332275912,0.556048588460538,0.97347443853505,0.984301890909636,0.856614659307525
0.883143781787964,0.0700826265383512,0.0712306816879884,0.492189107928425,0.557177064189359,0.139820600161329
2.23899996592722,0.347816531080753,0.347426650970723,0.702921106712893,0.620873767438692,0.941539446124807
1.36919708355553,0.311655198922381,0.311627232860014,0.76413458888419,0.827467081727988,0.260075693251565
1.08724785018077,0.737567968200892,0.737510979316022,0.879427016712725,0.889208608599279,0.0398760288953781
1.76051254841994,0.388340283883736,0.388895942900484,0.712292131967843,0.632173756372843,0.508186420192942
0.939673668353424,0.623541267821565,0.624077890909799,0.492784748319536,0.407619047062302,0.372899192618206
1.74667527293292,0.802412331104279,0.800941144966014,0.757648754864931,0.809590572169731,0.57026850595139
2.38059950439255,0.41075482335873,0.410573554874095,0.776582830352709,0.923785712224916,0.722660716157407
1.03241293963628,0.663253142498434,0.663104079555773,0.293522646185011,0.189767934976575,0.784407857805491
0.339529809175123,0.0271177776157856,0.0257250629219262,0.347814780427143,0.290669846048273,0.0374867296777666
0.863503648479711,0.815928964642808,0.81524960539843,0.649117630906403,0.641438719862913,0.201261537149549
1.43940480489841,0.0750427790917456,0.0732236611231317,0.843728692037985,0.800731453990563,0.332104755565524
0.485092297747921,0.07082723476924,0.0713738430474583,0.265338414115831,0.348830548232537,0.010931215249002
0.984871089544144,0.191123383352533,0.191117229413604,0.71032029367052,0.81498536935404,0.0853019708301872
0.749900272520961,0.776929248124361,0.775039108656503,0.0510688377544284,0.12731844153014,0.46296559041366
0.777085674972529,0.203133503673598,0.202866720302433,0.335480824811384,0.184928957281412,0.449913740158081
2.1423137412436,0.403764510527253,0.40458494153745,0.89347871998325,0.834407778827055,0.759272540919483
1.07893809999603,0.446180628146976,0.446958821687026,0.228029845282435,0.192691403473643,0.868101315340027
0.941732416356827,0.606295468751341,0.606749560774864,0.571964344708249,0.641292135869863,0.185529984999448
1.03933070778174,0.57644574274309,0.577855794916142,0.191045239567757,0.0344579610705043,0.75918141962029
1.20117099630751,0.0595067664980888,0.0576957023929924,0.999763239175081,0.931973506489977,0.0998324614483863
0.967467236533291,0.182665084954351,0.181562633213264,0.501849642954767,0.56837124279587,0.221090268576518
2.69477872687127,0.296121661784127,0.29610249391281,0.82005951134488,0.915584015525579,0.895402878522873
2.13441629596036,0.376079086214304,0.376228389933984,0.637098354287446,0.666198801354814,0.803779562003911
1.96585377575736,0.125148585997522,0.126346432123725,0.68710577278398,0.445689286576086,0.984814716270193
2.40250776945945,0.42923343507573,0.427190839306835,0.777514218818396,0.800503982180451,0.81800379534252
0.99925206673451,0.454168669413775,0.455772587635158,0.273125507170334,0.172952001773097,0.584755172021687
1.33828993020237,0.471276496304199,0.469758790742561,0.355531186796725,0.379587989515085,0.810847343644127
1.3339179761772,0.236389610683545,0.237213138959698,0.260930691147223,0.38232484259911,0.742774649290368
2.44011887072179,0.887035016668961,0.887400578916969,0.855388099327683,0.880623947844086,0.841959780314937
2.49519826340925,0.269311398966238,0.269670975120706,0.854312610579655,0.761423346083652,0.872838202631101
2.26017803922083,0.882458147127181,0.88335114173717,0.734305537538603,0.68983614244794,0.906216467032209
0.987115714956704,0.0976929415483028,0.0982126134708886,0.983339274767786,0.997647280483807,0.00830464321188629
0.982119012011491,0.815567015903071,0.814331282454787,0.161927364766598,0.214847362654281,0.616156407166272
1.52440001043063,0.858393028844148,0.85892275571847,0.766179878497496,0.747624029665696,0.454719334375113
2.16876006726201,0.117157299770042,0.116174258049086,0.95396922249347,1.03063672835559,0.568187293363735
1.63360786607165,0.137397162383422,0.137021416899168,0.265907188644633,0.292339490242843,0.899395311484113
0.142354982577295,0.548256997484714,0.547215262100214,0.0858375700190663,-0.0497446576138139,0.169690435053781
0.288744187001753,0.495523291174322,0.495378842370903,0.332429522881284,0.161604238936651,0.11306097288616
2.27497971891601,0.00741752306930721,0.0079160664664465,0.951799008762464,0.888206181026941,0.766161982435733
